-- MySQL dump 10.13  Distrib 5.7.21, for Win64 (x86_64)
--
-- Host: localhost    Database: db_registrar
-- ------------------------------------------------------
-- Server version	5.7.21-log

/*!40101 SET @OLD_CHARACTER_SET_CLIENT=@@CHARACTER_SET_CLIENT */;
/*!40101 SET @OLD_CHARACTER_SET_RESULTS=@@CHARACTER_SET_RESULTS */;
/*!40101 SET @OLD_COLLATION_CONNECTION=@@COLLATION_CONNECTION */;
/*!40101 SET NAMES utf8 */;
/*!40103 SET @OLD_TIME_ZONE=@@TIME_ZONE */;
/*!40103 SET TIME_ZONE='+00:00' */;
/*!40014 SET @OLD_UNIQUE_CHECKS=@@UNIQUE_CHECKS, UNIQUE_CHECKS=0 */;
/*!40014 SET @OLD_FOREIGN_KEY_CHECKS=@@FOREIGN_KEY_CHECKS, FOREIGN_KEY_CHECKS=0 */;
/*!40101 SET @OLD_SQL_MODE=@@SQL_MODE, SQL_MODE='NO_AUTO_VALUE_ON_ZERO' */;
/*!40111 SET @OLD_SQL_NOTES=@@SQL_NOTES, SQL_NOTES=0 */;

--
-- Table structure for table `credentials`
--

DROP TABLE IF EXISTS `credentials`;
/*!40101 SET @saved_cs_client     = @@character_set_client */;
/*!40101 SET character_set_client = utf8 */;
CREATE TABLE `credentials` (
  `id_number` int(11) NOT NULL AUTO_INCREMENT,
  `id_user` varchar(45) DEFAULT NULL,
  `id_password` varchar(45) DEFAULT NULL,
  `control_level` int(11) DEFAULT NULL,
  PRIMARY KEY (`id_number`),
  UNIQUE KEY `id_user_UNIQUE` (`id_user`),
  UNIQUE KEY `id_password_UNIQUE` (`id_password`)
) ENGINE=InnoDB AUTO_INCREMENT=10006 DEFAULT CHARSET=utf8;
/*!40101 SET character_set_client = @saved_cs_client */;

--
-- Dumping data for table `credentials`
--

LOCK TABLES `credentials` WRITE;
/*!40000 ALTER TABLE `credentials` DISABLE KEYS */;
INSERT INTO `credentials` VALUES (10001,'admin','admin',2),(10002,'local23','12345678',1),(10003,'lerryBabing','bading01',1),(10004,'joan','2323232323',1),(10005,'cliffpogi','42424242',1);
/*!40000 ALTER TABLE `credentials` ENABLE KEYS */;
UNLOCK TABLES;

--
-- Table structure for table `gradelist`
--

DROP TABLE IF EXISTS `gradelist`;
/*!40101 SET @saved_cs_client     = @@character_set_client */;
/*!40101 SET character_set_client = utf8 */;
CREATE TABLE `gradelist` (
  `gradekey` int(11) NOT NULL,
  `student_id` double NOT NULL,
  `subject_id` int(11) NOT NULL,
  `grade_level` int(11) NOT NULL,
  `1_grade` int(11) DEFAULT NULL,
  `2_grade` int(11) DEFAULT NULL,
  `3_grade` int(11) DEFAULT NULL,
  `4_grade` int(11) DEFAULT NULL,
  PRIMARY KEY (`gradekey`)
) ENGINE=InnoDB DEFAULT CHARSET=utf8;
/*!40101 SET character_set_client = @saved_cs_client */;

--
-- Dumping data for table `gradelist`
--

LOCK TABLES `gradelist` WRITE;
/*!40000 ALTER TABLE `gradelist` DISABLE KEYS */;
INSERT INTO `gradelist` VALUES (0,104837150022,100,1,NULL,83,83,84),(1,104837150022,101,1,NULL,NULL,81,82),(2,104837150022,102,1,83,84,84,85),(3,104837150022,103,1,84,84,85,85),(4,104837150022,104,1,83,83,83,85),(5,104837150022,105,1,82,82,83,84),(6,104837150022,106,1,84,85,85,86),(7,104837150022,107,1,83,83,83,84),(8,104837150022,108,1,83,84,85,86),(9,104837150022,109,1,83,84,85,86),(10,104837150022,110,1,85,86,87,89),(11,104837150002,100,1,NULL,83,83,84),(12,104837150002,101,1,NULL,NULL,81,82),(13,104837150002,102,1,80,80,81,82),(14,104837150002,103,1,80,81,82,82),(15,104837150002,104,1,80,81,82,82),(16,104837150002,105,1,80,81,82,82),(17,104837150002,106,1,80,81,82,82),(18,104837150002,107,1,80,81,82,83),(19,104837150002,108,1,80,81,83,82),(20,104837150002,109,1,82,82,83,84),(21,104837150002,110,1,85,82,83,84),(22,10483715088,100,1,NULL,80,82,83),(23,10483715088,101,1,NULL,NULL,81,82),(24,10483715088,102,1,80,80,83,83),(25,10483715088,103,1,80,80,82,83),(26,10483715088,104,1,81,82,83,84),(27,10483715088,105,1,81,82,82,83),(28,10483715088,106,1,82,83,84,85),(29,10483715088,107,1,81,82,83,84),(30,10483715088,108,1,81,82,83,84),(31,10483715088,109,1,83,83,84,85),(32,10483715088,110,1,83,83,84,84),(33,104837150041,100,1,NULL,82,84,84),(34,104837150041,101,1,NULL,NULL,82,82),(35,104837150041,102,1,81,82,83,84),(36,104837150041,103,1,82,83,82,84),(37,104837150041,104,1,81,80,81,84),(38,104837150041,105,1,80,81,80,82),(39,104837150041,106,1,81,82,84,80),(40,104837150041,107,1,81,82,84,84),(41,104837150041,108,1,82,82,81,85),(42,104837150041,109,1,83,83,84,84),(43,104837150041,110,1,83,84,86,86),(44,104837150052,100,1,NULL,83,84,85),(45,104837150052,101,1,NULL,NULL,82,83),(46,104837150052,102,1,80,81,82,83),(47,104837150052,103,1,82,83,84,85),(48,104837150052,104,1,82,83,84,85),(49,104837150052,105,1,81,82,85,84),(50,104837150052,106,1,83,84,85,86),(51,104837150052,107,1,82,83,84,85),(52,104837150052,108,1,82,83,84,85),(53,104837150052,109,1,81,82,83,84),(54,104837150052,110,1,84,84,85,86),(55,104837150180,100,1,NULL,83,85,86),(56,104837150180,101,1,NULL,NULL,83,84),(57,104837150180,102,1,83,84,85,85),(58,104837150180,103,1,83,84,85,85),(59,104837150180,104,1,83,84,85,86),(60,104837150180,105,1,83,84,85,86),(61,104837150180,106,1,84,85,86,87),(62,104837150180,107,1,83,83,84,85),(63,104837150180,108,1,83,84,85,86),(64,104837150180,109,1,83,84,85,89),(65,104837150180,110,1,83,87,88,89),(66,104837150164,100,1,NULL,85,86,86),(67,104837150164,101,1,NULL,NULL,85,85),(68,104837150164,102,1,84,85,86,86),(69,104837150164,103,1,85,86,87,87),(70,104837150164,104,1,84,85,86,86),(71,104837150164,105,1,83,84,85,85),(72,104837150164,106,1,83,84,85,85),(73,104837150164,107,1,85,85,86,86),(74,104837150164,108,1,85,85,87,87),(75,104837150164,109,1,85,86,87,87),(76,104837150164,110,1,86,87,88,88),(77,104837150158,100,1,NULL,82,83,84),(78,104837150158,101,1,NULL,NULL,81,82),(79,104837150158,102,1,82,83,83,84),(80,104837150158,103,1,82,83,84,85),(81,104837150158,104,1,82,83,84,85),(82,104837150158,105,1,81,82,83,84),(83,104837150158,106,1,82,83,84,85),(84,104837150158,107,1,82,83,84,85),(85,104837150158,108,1,83,84,85,86),(86,104837150158,109,1,83,84,85,86),(87,104837150158,110,1,85,86,86,88),(88,104837150145,100,1,NULL,84,86,87),(89,104837150145,101,1,NULL,NULL,84,85),(90,104837150145,102,1,83,85,86,88),(91,104837150145,103,1,84,85,87,88),(92,104837150145,104,1,83,84,86,87),(93,104837150145,105,1,82,83,85,86),(94,104837150145,106,1,82,83,86,87),(95,104837150145,107,1,82,84,86,87),(96,104837150145,108,1,84,85,86,87),(97,104837150145,109,1,83,85,87,88),(98,104837150145,110,1,86,87,88,89),(99,104837150142,100,1,NULL,85,87,88),(100,104837150142,101,1,NULL,NULL,84,85),(101,104837150142,102,1,83,83,84,85),(102,104837150142,103,1,82,87,88,89),(103,104837150142,104,1,84,86,86,89),(104,104837150142,105,1,84,86,87,88),(105,104837150142,106,1,84,86,88,89),(106,104837150142,107,1,84,86,89,90),(107,104837150142,108,1,85,86,88,89),(108,104837150142,109,1,85,88,90,90),(109,104837150142,110,1,84,88,90,91),(110,104837150090,100,1,NULL,83,83,84),(111,104837150090,101,1,NULL,NULL,80,81),(112,104837150090,102,1,83,83,83,83),(113,104837150090,103,1,83,83,83,84),(114,104837150090,104,1,83,83,84,84),(115,104837150090,105,1,82,82,83,83),(116,104837150090,106,1,84,84,85,85),(117,104837150090,107,1,83,83,84,84),(118,104837150090,108,1,83,84,85,85),(119,104837150090,109,1,84,84,84,85),(120,104837150090,110,1,85,85,86,86),(121,104837150067,100,1,NULL,81,82,83),(122,104837150067,101,1,NULL,NULL,80,80),(123,104837150067,102,1,80,81,82,82),(124,104837150067,103,1,80,81,82,83),(125,104837150067,104,1,80,81,82,82),(126,104837150067,102,1,80,81,82,82),(127,104837150067,106,1,80,81,82,82),(128,104837150067,107,1,80,81,82,82),(129,104837150067,108,1,80,81,82,82),(130,104837150067,109,1,83,83,84,84),(131,104837150067,110,1,82,82,83,83),(132,104837150067,105,1,80,82,83,83),(133,104837150060,100,1,NULL,84,85,87),(134,104837150060,101,1,NULL,NULL,83,84),(135,104837150060,102,1,82,83,84,85),(136,104837150060,103,1,82,83,84,85),(137,104837150060,104,1,81,83,85,86),(138,104837150060,105,1,81,82,84,85),(139,104837150060,106,1,84,85,86,87),(140,104837150060,107,1,82,83,85,86),(141,104837150060,108,1,82,83,85,86),(142,104837150060,109,1,83,84,86,88),(143,104837150060,110,1,85,86,88,89),(144,104837150199,100,1,NULL,83,84,85),(145,104837150199,101,1,NULL,NULL,84,82),(146,104837150199,102,1,84,81,82,82),(147,104837150199,103,1,82,83,84,85),(148,104837150199,104,1,81,82,84,85),(149,104837150199,105,1,81,81,84,85),(150,104837150199,106,1,80,82,85,84),(151,104837150199,107,1,80,85,83,84),(152,104837150199,108,1,81,85,84,84),(153,104837150199,109,1,82,84,84,85),(154,104837150199,110,1,83,85,87,88),(155,104837150045,100,1,NULL,84,86,87),(156,104837150045,101,1,NULL,NULL,84,85),(157,104837150045,102,1,84,85,87,88),(158,104837150045,103,1,84,84,87,87),(159,104837150045,104,1,83,84,85,86),(160,104837150045,105,1,81,83,85,86),(161,104837150045,106,1,83,84,85,86),(162,104837150045,107,1,82,83,85,86),(163,104837150045,108,1,84,85,83,86),(164,104837150045,109,1,84,85,87,88),(165,104837150045,110,1,84,85,87,88),(166,104837150100,100,1,NULL,82,83,85),(167,104837150100,101,1,NULL,NULL,82,83),(168,104837150100,102,1,82,83,84,85),(169,104837150100,103,1,83,83,84,85),(170,104837150100,104,1,82,82,83,84),(171,104837150100,105,1,81,81,82,83),(172,104837150100,106,1,83,80,84,85),(173,104837150100,107,1,82,82,83,84),(174,104837150100,108,1,82,83,84,88),(175,104837150100,109,1,82,83,85,86),(176,104837150100,110,1,88,83,84,85),(177,104837150102,100,1,NULL,NULL,83,85),(178,104837150102,101,1,NULL,83,84,85),(179,104837150102,102,1,81,82,85,88),(180,104837150102,103,1,82,83,88,80),(181,104837150102,104,1,80,88,88,82),(182,104837150102,105,1,81,82,84,85),(183,104837150102,106,1,88,84,86,89),(184,104837150102,107,1,81,85,85,82),(185,104837150102,108,1,82,83,85,88),(186,104837150102,109,1,82,84,82,88),(187,104837150102,110,1,84,85,81,85);
/*!40000 ALTER TABLE `gradelist` ENABLE KEYS */;
UNLOCK TABLES;

--
-- Table structure for table `levelinfo`
--

DROP TABLE IF EXISTS `levelinfo`;
/*!40101 SET @saved_cs_client     = @@character_set_client */;
/*!40101 SET character_set_client = utf8 */;
CREATE TABLE `levelinfo` (
  `entryid` int(11) NOT NULL AUTO_INCREMENT,
  `subject_id` int(11) NOT NULL,
  `grade_level` int(11) NOT NULL,
  PRIMARY KEY (`entryid`)
) ENGINE=InnoDB AUTO_INCREMENT=23 DEFAULT CHARSET=utf8;
/*!40101 SET character_set_client = @saved_cs_client */;

--
-- Dumping data for table `levelinfo`
--

LOCK TABLES `levelinfo` WRITE;
/*!40000 ALTER TABLE `levelinfo` DISABLE KEYS */;
INSERT INTO `levelinfo` VALUES (1,101,1),(2,102,1),(3,103,1),(4,104,1),(5,105,1),(6,106,1),(7,107,1),(8,108,1),(9,109,1),(10,110,1),(11,100,1),(12,101,2),(13,102,2),(14,103,2),(15,104,2),(16,105,2),(17,106,2),(18,107,2),(19,108,2),(20,109,2),(21,110,2),(22,100,2);
/*!40000 ALTER TABLE `levelinfo` ENABLE KEYS */;
UNLOCK TABLES;

--
-- Table structure for table `studentarchived`
--

DROP TABLE IF EXISTS `studentarchived`;
/*!40101 SET @saved_cs_client     = @@character_set_client */;
/*!40101 SET character_set_client = utf8 */;
CREATE TABLE `studentarchived` (
  `entry_id` int(11) NOT NULL AUTO_INCREMENT,
  `student_id` double NOT NULL,
  `last_name` varchar(45) NOT NULL,
  `first_name` varchar(45) NOT NULL,
  `middle_name` varchar(45) DEFAULT 'undefined',
  `address` varchar(45) DEFAULT 'undefined',
  `gender` varchar(45) DEFAULT 'undefined',
  `grade_level` int(11) DEFAULT NULL,
  `status` varchar(45) DEFAULT 'Unenrolled',
  PRIMARY KEY (`entry_id`),
  UNIQUE KEY `student_id_UNIQUE` (`student_id`),
  UNIQUE KEY `entry_id_UNIQUE` (`entry_id`)
) ENGINE=InnoDB AUTO_INCREMENT=19 DEFAULT CHARSET=utf8;
/*!40101 SET character_set_client = @saved_cs_client */;

--
-- Dumping data for table `studentarchived`
--

LOCK TABLES `studentarchived` WRITE;
/*!40000 ALTER TABLE `studentarchived` DISABLE KEYS */;
INSERT INTO `studentarchived` VALUES (3,104837150041,'Perez','Chris Martin','Santiago','San Isidro ll Paombong, Bulacan','Male',0,'Unenrolled'),(18,1,'awd','ad','awd','awdawd','Male',NULL,'Unenrolled');
/*!40000 ALTER TABLE `studentarchived` ENABLE KEYS */;
UNLOCK TABLES;

--
-- Table structure for table `studentinfo`
--

DROP TABLE IF EXISTS `studentinfo`;
/*!40101 SET @saved_cs_client     = @@character_set_client */;
/*!40101 SET character_set_client = utf8 */;
CREATE TABLE `studentinfo` (
  `entry_id` int(11) NOT NULL AUTO_INCREMENT,
  `student_id` double NOT NULL,
  `last_name` varchar(45) NOT NULL,
  `first_name` varchar(45) NOT NULL,
  `middle_name` varchar(45) DEFAULT 'undefined',
  `address` varchar(45) DEFAULT 'undefined',
  `gender` varchar(45) DEFAULT 'undefined',
  `grade_level` int(11) DEFAULT NULL,
  `status` varchar(45) DEFAULT 'Unenrolled',
  PRIMARY KEY (`entry_id`),
  UNIQUE KEY `student_id_UNIQUE` (`student_id`),
  UNIQUE KEY `entry_id_UNIQUE` (`entry_id`)
) ENGINE=InnoDB AUTO_INCREMENT=18 DEFAULT CHARSET=utf8;
/*!40101 SET character_set_client = @saved_cs_client */;

--
-- Dumping data for table `studentinfo`
--

LOCK TABLES `studentinfo` WRITE;
/*!40000 ALTER TABLE `studentinfo` DISABLE KEYS */;
INSERT INTO `studentinfo` VALUES (1,104837150002,'Cainga','Reynaldo Jr.','Salvador','San Isidro ll Paombong, Bulacan','Male',0,'Unenrolled'),(2,104837150022,'Matic','Kate Allyzon','Cano','San Pedro, Hagonoy, Bulacan','Female',1,'Enrolled'),(3,104837150041,'Perez','Chris Martin','Santiago','San Isidro ll Paombong, Bulacan','Male',0,'Unenrolled'),(4,104837150045,'Dela Cruz','Anna Mane','Pinalon','San Isidro ll Paombong, Bulacan','Female',0,'Unenrolled'),(5,104837150052,'Espinosa','Jace Lee','Bautista','San Isidro ll Paombong, Bulacan','Male',0,'Unenrolled'),(6,104837150060,'Estrella','Ricardo Carlos','Tabal','San Pedro Hagonoy, Bulacan','Male',1,'Enrolled'),(7,104837150067,'Nicholas','Ghian','Tayson','Pinalaydan Paombong, Bulacan','Male',0,'Unenrolled'),(8,104837150090,'Paez','Cabbie Aaron','Dela Cruz','San Isidro ll Paombong, Bulacan','Male',0,'Unenrolled'),(9,104837150100,'Lugo','John Kyrel','Diabel','Abulalas, Hagonoy, Bulacan','Male',0,'Unenrolled'),(10,104837150102,'Felipe','Cj','Sakar','San Isidro ll Paombong, Bulacan','Male',0,'Unenrolled'),(11,104837150142,'Lopez','Mej  Anne Morris','Villanueva','San Isidro ll Paombong, Bulacan','Female',0,'Unenrolled'),(12,104837150145,'Dela Cruz','Aime Jyelle','Alcantara','San Pedro Paombong, Bulacan','Female',0,'Unenrolled'),(13,104837150158,'Clemente','Lahnea Irish','Dela Cruz','San Pedro Paombong, Bulacan','Female',0,'Unenrolled'),(14,104837150164,'Magnaye','Mary Jane ','Ari ','San Isidro ll Paombong Bulacan','Female',0,'Unenrolled'),(15,104837150180,'Martin','Jhomaeaca ','Sebastian','San Isidro ll , Paombong , Bulacan','Female',0,'Unenrolled'),(16,104837150199,'Fabian','Raymond','Estrella','San Pedro Hagonoy, Bulacan','Male',0,'Unenrolled'),(17,10483715088,'Magaling','John Arvex','Agendez','San Pedro Paombong, Bulacan','Male',1,'Unenrolled');
/*!40000 ALTER TABLE `studentinfo` ENABLE KEYS */;
UNLOCK TABLES;

--
-- Table structure for table `subjectinfo`
--

DROP TABLE IF EXISTS `subjectinfo`;
/*!40101 SET @saved_cs_client     = @@character_set_client */;
/*!40101 SET character_set_client = utf8 */;
CREATE TABLE `subjectinfo` (
  `subject_id` int(11) NOT NULL AUTO_INCREMENT,
  `subject_name` varchar(45) DEFAULT NULL,
  PRIMARY KEY (`subject_id`),
  UNIQUE KEY `subject_id_UNIQUE` (`subject_id`)
) ENGINE=InnoDB AUTO_INCREMENT=111 DEFAULT CHARSET=utf8;
/*!40101 SET character_set_client = @saved_cs_client */;

--
-- Dumping data for table `subjectinfo`
--

LOCK TABLES `subjectinfo` WRITE;
/*!40000 ALTER TABLE `subjectinfo` DISABLE KEYS */;
INSERT INTO `subjectinfo` VALUES (100,'Filipino'),(101,'English'),(102,'Mathematics'),(103,'Araling Panlipunan'),(104,'MAPEH'),(105,'Music'),(106,'Arts'),(107,'Physical Education'),(108,'Health'),(109,'Mother Tounge'),(110,'Edukasyon sa Pagpapakatao');
/*!40000 ALTER TABLE `subjectinfo` ENABLE KEYS */;
UNLOCK TABLES;
/*!40103 SET TIME_ZONE=@OLD_TIME_ZONE */;

/*!40101 SET SQL_MODE=@OLD_SQL_MODE */;
/*!40014 SET FOREIGN_KEY_CHECKS=@OLD_FOREIGN_KEY_CHECKS */;
/*!40014 SET UNIQUE_CHECKS=@OLD_UNIQUE_CHECKS */;
/*!40101 SET CHARACTER_SET_CLIENT=@OLD_CHARACTER_SET_CLIENT */;
/*!40101 SET CHARACTER_SET_RESULTS=@OLD_CHARACTER_SET_RESULTS */;
/*!40101 SET COLLATION_CONNECTION=@OLD_COLLATION_CONNECTION */;
/*!40111 SET SQL_NOTES=@OLD_SQL_NOTES */;

-- Dump completed on 2018-10-21 19:20:20
